"","dataset","age","gender","stage","pt","pn","pm","tnm","grade","msi","cimp","kras_mut","braf_mut","cms_label","osMo","osStat","rfsMo","rfsStat"
"TCGA-A6-2672","tcga",82,"female",3,3,1,0,"IIIB",NA,"msi","CIMP.High",0,0,"CMS1",16.5369863,0,NA,NA
"TCGA-A6-3809","tcga",71,"female",2,4,0,0,"IIB/IIC",NA,"msi","CIMP.High",NA,NA,"CMS1",10.29041096,0,NA,NA
"TCGA-A6-5661","tcga",80,"female",2,3,0,0,"IIA",NA,"msi","CIMP.High",0,1,"CMS1",10.06027397,0,NA,NA
"TCGA-A6-5665","tcga",84,"female",2,3,0,0,"IIA",NA,"msi","CIMP.High",0,1,"CMS1",9.402739726,0,NA,NA
"TCGA-A6-6653","tcga",82,"male",1,2,0,0,"I",NA,"msi","CIMP.High",1,1,"CMS1",2.95890411,0,NA,NA
"TCGA-A6-6780","tcga",74,"male",2,3,0,NA,"IIA",NA,"msi","CIMP.Low",0,0,"CMS1",2.82739726,0,NA,NA
"TCGA-AA-3492","tcga",90,"female",2,3,0,0,"IIA",NA,"msi","CIMP.High",0,1,"CMS1",0,0,NA,NA
"TCGA-AA-3502","tcga",73,"male",1,2,0,0,"I",NA,"mss","CIMP.Low",1,0,"CMS3",1.019178082,0,NA,NA
"TCGA-AA-3655","tcga",68,"male",2,3,0,0,"IIA",NA,"mss","CIMP.Neg",1,0,"CMS3",0,0,NA,NA
"TCGA-AA-3663","tcga",42,"male",2,3,0,0,"IIA",NA,"msi","CIMP.Low",1,0,"CMS3",1.019178082,0,NA,NA
"TCGA-AA-3664","tcga",74,"female",2,3,0,0,"IIA",NA,"mss","CIMP.High",NA,NA,"CMS1",0,0,NA,NA
"TCGA-AA-3672","tcga",90,"female",3,3,1,0,"IIIB",NA,"msi","CIMP.High",NA,NA,"CMS1",0,0,NA,NA
"TCGA-AA-3680","tcga",67,"female",4,4,2,1,"IV",NA,"mss","CIMP.Low",NA,NA,"CMS3",0,0,NA,NA
"TCGA-AA-3713","tcga",68,"male",4,3,0,1,"IV",NA,"msi","CIMP.Low",0,1,"CMS1",0.953424658,0,NA,NA
"TCGA-AA-3715","tcga",77,"male",2,3,0,0,"IIA",NA,"msi","CIMP.High",NA,NA,"CMS1",0.98630137,0,NA,NA
"TCGA-AA-3811","tcga",84,"female",3,3,2,0,"IIIC",NA,"msi","CIMP.Neg",NA,NA,"CMS1",0.98630137,0,NA,NA
"TCGA-AA-3818","tcga",78,"female",2,3,0,0,"IIA",NA,"mss","CIMP.Low",NA,NA,"CMS3",0.98630137,1,NA,NA
"TCGA-AA-3821","tcga",81,"female",1,2,0,0,"I",NA,"msi","CIMP.High",NA,NA,"CMS1",0,0,NA,NA
"TCGA-AA-3845","tcga",86,"female",2,3,0,0,"IIA",NA,"msi","CIMP.High",NA,NA,"CMS1",0,1,NA,NA
"TCGA-AA-3851","tcga",74,"male",2,3,0,0,"IIA",NA,"mss","CIMP.Neg",NA,NA,"CMS3",0,0,NA,NA
"TCGA-AA-3854","tcga",71,"female",1,2,0,0,"I",NA,"mss","CIMP.Low",NA,NA,"CMS3",1.019178082,0,NA,NA
"TCGA-AA-3864","tcga",71,"male",2,3,0,0,"IIA",NA,"msi","CIMP.Neg",NA,NA,"CMS1",0,0,NA,NA
"TCGA-AA-3877","tcga",83,"female",1,1,0,0,"I",NA,"msi","CIMP.High",NA,NA,"CMS1",0.98630137,0,NA,NA
"TCGA-AA-3930","tcga",66,"male",4,3,2,1,"IV",NA,"mss","CIMP.Low",NA,NA,"CMS1",0,0,NA,NA
"TCGA-AA-3939","tcga",83,"male",2,3,0,0,"IIA",NA,"mss","CIMP.Neg",NA,NA,"CMS3",0.98630137,0,NA,NA
"TCGA-AA-3949","tcga",87,"female",3,3,1,0,"IIIB",NA,"msi","CIMP.High",NA,NA,"CMS1",0.98630137,0,NA,NA
"TCGA-AA-3950","tcga",79,"female",2,3,0,0,"IIA",NA,"msi","CIMP.High",NA,NA,"CMS1",1.019178082,0,NA,NA
"TCGA-AA-3966","tcga",89,"female",2,3,0,0,"IIA",NA,"msi","CIMP.Low",NA,NA,"CMS1",2.005479452,0,NA,NA
"TCGA-AA-3977","tcga",65,"male",NA,2,0,NA,"I",NA,"mss","CIMP.Neg",NA,NA,"CMS1",1.019178082,0,NA,NA
"TCGA-AA-A01P","tcga",80,"female",3,3,1,0,"IIIB",NA,"msi","CIMP.High",NA,NA,"CMS1",38.07123288,1,NA,NA
"TCGA-AA-A01R","tcga",47,"male",3,3,2,0,"IIIC",NA,"msi","CIMP.Low",NA,NA,"CMS1",35.01369863,0,NA,NA
"TCGA-AA-A01V","tcga",59,"male",1,2,0,0,"I",NA,"mss","CIMP.Low",NA,NA,"CMS3",35.01369863,0,NA,NA
"TCGA-AA-A022","tcga",88,"female",2,4,0,0,"IIB/IIC",NA,"msi","CIMP.High",NA,NA,"CMS1",0,0,NA,NA
"TCGA-AA-A024","tcga",81,"male",2,3,0,0,"IIA",NA,"mss","CIMP.Neg",NA,NA,"CMS3",39.05753425,1,NA,NA
"TCGA-AA-A02O","tcga",82,"male",2,3,0,0,"IIA",NA,"mss","CIMP.High",NA,NA,"CMS3",0.920547945,0,NA,NA
"TCGA-AA-A02R","tcga",84,"female",2,3,0,0,"IIA",NA,"msi","CIMP.High",NA,NA,"CMS1",22.02739726,1,NA,NA
"TCGA-AA-A03F","tcga",90,"female",3,3,2,0,"IIIC",NA,"mss",NA,NA,NA,"CMS3",18.01643836,1,NA,NA
"TCGA-AD-5900","tcga",67,"male",1,2,0,NA,"I",NA,"msi","CIMP.High",0,1,"CMS1",0.065753425,0,NA,NA
"TCGA-AD-6889","tcga",76,"male",2,3,0,0,"IIA",NA,"msi","CIMP.Neg",0,1,"CMS1",56.51506849,0,NA,NA
"TCGA-AD-6895","tcga",84,"male",NA,3,1,NA,"IIIB",NA,"msi","CIMP.Neg",1,1,"CMS1",0.723287671,0,NA,NA
"TCGA-AM-5821","tcga",68,"female",2,3,0,0,"IIA",NA,"msi","CIMP.High",1,0,"CMS1",0.920547945,0,NA,NA
"TCGA-AU-6004","tcga",69,"female",1,2,0,0,"I",NA,"msi","CIMP.High",0,0,"CMS1",6.673972603,0,NA,NA
"TCGA-AY-6197","tcga",60,"male",2,3,0,NA,"IIA",NA,"msi","CIMP.Low",0,0,"CMS1",3.682191781,0,NA,NA
"TCGA-AY-6386","tcga",66,"female",3,3,1,0,"IIIB",NA,"mss","CIMP.Low",1,0,"CMS3",5.523287671,0,NA,NA
"TCGA-AY-A54L","tcga",74,"female",1,2,0,0,"I",NA,NA,"CIMP.Low",NA,NA,"CMS3",5.194520548,0,NA,NA
"TCGA-AZ-4313","tcga",51,"female",1,1,0,0,"I",NA,"msi","CIMP.Neg",NA,NA,"CMS3",31.4630137,0,NA,NA
"TCGA-AZ-4615","tcga",84,"male",3,3,1,0,"IIIB",NA,"msi","CIMP.High",0,1,"CMS1",16.60273973,0,NA,NA
"TCGA-AZ-4616","tcga",82,"female",4,3,2,1,"IV",NA,"mss","CIMP.Low",1,0,"CMS1",5.128767123,1,NA,NA
"TCGA-AZ-5407","tcga",51,"female",1,1,0,0,"I",NA,"mss","CIMP.Low",1,0,"CMS3",45.8630137,0,NA,NA
"TCGA-AZ-6598","tcga",77,"female",2,3,0,NA,"IIA",NA,"msi","CIMP.High",0,1,"CMS1",49.41369863,1,NA,NA
"TCGA-AZ-6599","tcga",72,"male",1,2,0,NA,"I",NA,"mss","CIMP.Low",1,0,"CMS3",6.739726027,1,NA,NA
"TCGA-AZ-6601","tcga",68,"male",2,3,0,0,"IIA",NA,"msi","CIMP.Low",1,0,"CMS1",99.97808219,1,NA,NA
"TCGA-AZ-6606","tcga",81,"male",4,4,2,1,"IV",NA,"mss","CIMP.High",NA,NA,"CMS3",11.7369863,1,NA,NA
"TCGA-CA-5255","tcga",45,"male",2,3,0,0,"IIA",NA,"mss","CIMP.Low",NA,NA,"CMS3",0.065753425,0,NA,NA
"TCGA-CA-5796","tcga",52,"female",2,3,0,0,"IIA",NA,"mss","CIMP.Neg",1,0,"CMS3",0.394520548,0,NA,NA
"TCGA-CA-6718","tcga",46,"male",2,3,0,0,"IIA",NA,"mss","CIMP.High",1,1,"CMS1",0,NA,NA,NA
"TCGA-CK-4950","tcga",68,"female",3,3,1,0,"IIIB",NA,"mss","CIMP.Low",1,0,"CMS3",40.30684932,0,NA,NA
"TCGA-CK-4951","tcga",79,"female",2,3,0,0,"IIA",NA,"msi","CIMP.High",NA,NA,"CMS1",70.15890411,1,NA,NA
"TCGA-CK-4952","tcga",48,"female",3,4,2,0,"IIIC",NA,"mss","CIMP.High",0,0,"CMS3",15.58356164,0,NA,NA
"TCGA-CK-5913","tcga",58,"female",2,3,0,NA,"IIA",NA,"msi","CIMP.High",0,0,"CMS1",28.04383562,0,NA,NA
"TCGA-CK-5916","tcga",71,"female",1,1,0,0,"I",NA,"msi","CIMP.High",0,0,"CMS1",21.00821918,1,NA,NA
"TCGA-CK-6746","tcga",84,"female",2,4,0,NA,"IIB/IIC",NA,"msi","CIMP.High",NA,NA,"CMS1",0,0,NA,NA
"TCGA-CK-6747","tcga",87,"female",2,3,0,NA,"IIA",NA,"msi","CIMP.Low",NA,NA,"CMS3",2.926027397,0,NA,NA
"TCGA-CK-6751","tcga",88,"female",1,2,0,NA,"I",NA,"mss","CIMP.High",NA,NA,"CMS3",103.0356164,0,NA,NA
"TCGA-CM-4743","tcga",69,"male",2,3,0,0,"IIA",NA,"msi","CIMP.Low",0,0,"CMS1",6.049315068,0,NA,NA
"TCGA-CM-4746","tcga",61,"male",1,2,0,0,"I",NA,"msi","CIMP.Neg",1,0,"CMS3",22.98082192,0,NA,NA
"TCGA-CM-5861","tcga",63,"female",2,3,0,0,"IIA",NA,"msi","CIMP.High",0,1,"CMS1",11.01369863,0,NA,NA
"TCGA-CM-6171","tcga",77,"female",1,2,0,0,"I",NA,"msi","CIMP.High",0,1,"CMS1",5.950684932,0,NA,NA
"TCGA-CM-6674","tcga",39,"male",2,3,0,0,"IIA",NA,"msi","CIMP.Neg",1,0,"CMS1",4.898630137,0,NA,NA
"TCGA-CM-6675","tcga",35,"male",4,3,2,1,"IV",NA,"mss","CIMP.High",0,0,"CMS1",4.997260274,0,NA,NA
"TCGA-CM-6680","tcga",78,"female",3,3,2,0,"IIIC",NA,"mss","CIMP.Neg",0,0,"CMS3",2.991780822,0,NA,NA
"TCGA-D5-6530","tcga",53,"male",1,2,0,0,"I",NA,"msi","CIMP.Neg",NA,NA,"CMS3",8.909589041,0,NA,NA
"TCGA-D5-6539","tcga",45,"female",3,3,1,0,"IIIB",NA,"mss","CIMP.Neg",1,0,"CMS3",4.734246575,0,NA,NA
"TCGA-D5-6540","tcga",66,"male",1,2,0,0,"I",NA,"msi","CIMP.High",0,1,"CMS1",6.115068493,0,NA,NA
"TCGA-D5-6920","tcga",77,"female",2,3,0,0,"IIA",NA,"mss","CIMP.High",0,0,"CMS3",3.649315068,0,NA,NA
"TCGA-D5-6927","tcga",34,"male",2,3,0,0,"IIA",NA,"msi","CIMP.Neg",1,0,"CMS1",2.202739726,0,NA,NA
"TCGA-D5-6928","tcga",80,"male",2,3,0,0,"IIA",NA,"msi","CIMP.Neg",0,1,"CMS1",0.657534247,0,NA,NA
"TCGA-D5-6930","tcga",67,"male",2,3,0,0,"IIA",NA,"msi","CIMP.Neg",0,1,"CMS1",1.479452055,0,NA,NA
"TCGA-D5-6931","tcga",77,"male",3,4,2,0,"IIIC",NA,"mss","CIMP.Low",1,0,"CMS1",1.41369863,0,NA,NA
"TCGA-DM-A1D4","tcga",80,"male",2,3,0,0,"IIA",NA,"mss","CIMP.Low",1,0,"CMS3",92.74520548,1,NA,NA
"TCGA-DM-A1D6","tcga",88,"male",2,3,0,0,"IIA",NA,"mss","CIMP.Neg",1,0,"CMS3",49.90684932,1,NA,NA
"TCGA-DM-A1D9","tcga",67,"female",2,3,0,0,"IIA",NA,"mss","CIMP.Neg",1,0,"CMS3",129.1068493,0,NA,NA
"TCGA-DM-A1DA","tcga",71,"female",3,3,2,0,"IIIC",NA,"mss","CIMP.High",0,1,"CMS3",7.463013699,1,NA,NA
"TCGA-DM-A1HA","tcga",82,"male",3,3,2,0,"IIIC",NA,"mss","CIMP.Low",1,0,"CMS1",129.1068493,0,NA,NA
"TCGA-DM-A1HB","tcga",75,"male",3,3,1,0,"IIIB",NA,"msi","CIMP.High",NA,NA,"CMS1",124.0767123,0,NA,NA
"TCGA-DM-A280","tcga",70,"female",2,3,0,0,"IIA",NA,"mss","CIMP.Neg",NA,NA,"CMS3",7.726027397,1,NA,NA
"TCGA-DM-A288","tcga",68,"male",3,3,2,0,"IIIC",NA,"mss","CIMP.Low",NA,NA,"CMS3",14.00547945,1,NA,NA
"TCGA-DM-A28G","tcga",75,"male",2,3,0,0,"IIA",NA,"mss","CIMP.Neg",1,0,"CMS3",60.7890411,1,NA,NA
"TCGA-DM-A28M","tcga",63,"male",2,3,0,0,"IIA",NA,"mss","CIMP.Low",1,0,"CMS3",91.2,0,NA,NA
"TCGA-F4-6570","tcga",78,"female",2,3,0,0,"IIA",NA,"msi","CIMP.High",0,1,"CMS1",6.147945205,1,NA,NA
"TCGA-F4-6806","tcga",59,"female",1,2,0,0,"I",NA,"mss","CIMP.Low",1,0,"CMS3",0.657534247,0,NA,NA
"TCGA-F4-6856","tcga",45,"male",1,2,0,0,"I",NA,"msi","CIMP.Neg",1,0,"CMS3",0.657534247,0,NA,NA
"TCGA-G4-6299","tcga",69,"male",3,3,2,0,"IIIC",NA,"mss","CIMP.High",0,1,"CMS1",68.28493151,0,NA,NA
"TCGA-G4-6304","tcga",66,"female",2,4,0,0,"IIB/IIC",NA,"msi","CIMP.Neg",0,0,"CMS3",53.62191781,0,NA,NA
"TCGA-G4-6309","tcga",40,"female",3,3,1,0,"IIIB",NA,"msi","CIMP.Neg",0,0,"CMS3",45.56712329,0,NA,NA
"TCGA-G4-6320","tcga",73,"male",3,3,1,NA,"IIIB",NA,"msi","CIMP.High",1,0,"CMS3",22.29041096,0,NA,NA
"TCGA-G4-6322","tcga",65,"male",3,3,1,NA,"IIIB",NA,"mss","CIMP.Low",0,0,"CMS3",17.95068493,0,NA,NA
"TCGA-G4-6323","tcga",50,"male",1,NA,0,NA,NA,NA,"mss","CIMP.Low",1,0,"CMS3",6.608219178,0,NA,NA
"TCGA-G4-6586","tcga",73,"female",2,3,0,0,"IIA",NA,"msi","CIMP.High",0,1,"CMS1",24.36164384,0,NA,NA
"TCGA-G4-6588","tcga",58,"female",2,3,0,0,"IIA",NA,"msi","CIMP.High",0,1,"CMS1",21.17260274,0,NA,NA
"TCGA-G4-6628","tcga",78,"male",1,2,0,0,"I",NA,"msi","CIMP.High",0,1,"CMS1",52.96438356,0,NA,NA
"TCGA-QG-A5YX","tcga",61,"female",2,3,0,NA,"IIA",NA,NA,"CIMP.Neg",NA,NA,"CMS3",17.29315068,0,NA,NA
"TCGA-QG-A5Z2","tcga",61,"male",1,2,0,0,"I",NA,NA,"CIMP.High",NA,NA,"CMS3",14.76164384,0,NA,NA
"TCGA-AF-6672","tcga",43,"male",4,4,2,1,"IV",NA,"mss",NA,1,0,"CMS3",7.331506849,0,NA,NA
"TCGA-AG-3591","tcga",66,"female",2,3,0,0,"IIA",NA,"mss",NA,1,0,"CMS3",0,0,NA,NA
"TCGA-AG-3725","tcga",90,"female",3,3,2,0,"IIIC",NA,"mss",NA,0,0,"CMS3",0,0,NA,NA
"TCGA-AG-3732","tcga",78,"female",1,2,0,0,"I",NA,"mss",NA,0,0,"CMS3",0,0,NA,NA
"TCGA-AG-3892","tcga",57,"female",1,1,0,0,"I",NA,"mss","CIMP.Neg",NA,NA,"CMS3",1.019178082,0,NA,NA
"TCGA-AG-A002","tcga",35,"male",1,2,0,0,"I",NA,"mss","CIMP.Neg",0,0,"CMS1",20.94246575,0,NA,NA
"TCGA-AG-A008","tcga",50,"female",1,2,0,0,"I",NA,"mss","CIMP.Neg",0,0,"CMS3",13.90684932,0,NA,NA
"TCGA-AG-A015","tcga",64,"female",1,1,0,0,"I",NA,"mss","CIMP.Neg",1,0,"CMS3",13.01917808,0,NA,NA
"TCGA-AG-A020","tcga",57,"female",3,3,1,0,"IIIB",NA,"mss",NA,NA,NA,"CMS3",10.98082192,0,NA,NA
"TCGA-AG-A02N","tcga",67,"male",2,3,0,0,"IIA",NA,"msi",NA,NA,NA,"CMS3",61.93972603,0,NA,NA
"TCGA-AG-A02X","tcga",77,"male",1,2,0,0,"I",NA,"mss","CIMP.High",NA,NA,"CMS3",40.96438356,0,NA,NA
"TCGA-AH-6544","tcga",60,"male",NA,3,1,1,"IV",NA,"mss",NA,1,0,"CMS3",0.493150685,0,NA,NA
"TCGA-EI-6507","tcga",60,"male",2,3,0,0,"IIA",NA,"msi",NA,1,0,"CMS1",0.164383562,0,NA,NA
"TCGA-EI-6510","tcga",77,"female",4,2,0,NA,"I",NA,"mss",NA,1,0,"CMS3",0.460273973,0,NA,NA
"TCGA-EI-6512","tcga",64,"female",3,3,1,0,"IIIB",NA,"mss",NA,1,0,"CMS3",0.657534247,0,NA,NA
"TCGA-EI-6882","tcga",59,"male",2,3,0,0,"IIA",NA,"msi",NA,1,1,"CMS3",3.550684932,0,NA,NA
"TCGA-EI-6917","tcga",33,"male",3,3,1,0,"IIIB",NA,"mss",NA,0,1,"CMS1",7.791780822,0,NA,NA
"TCGA-F5-6814","tcga",57,"male",1,2,0,0,"I",NA,"mss",NA,0,0,"CMS1",0.526027397,0,NA,NA
